Label,x,y,z,x acc,y acc,z acc,yaw,pitch,roll,yaw acc,pitch acc,roll acc
DSLR1_IMG_0027.tif,762811.7361,3295763.519,4059.4979,0.01,0.01,0.01,234.485096,10.74208204,5.634700656,0.01,0.01,0.01
DSLR1_IMG_0028.jpg,762811.7361,3295763.519,4059.4979,0.01,0.01,0.01,234.4879612,10.72891684,5.653296751,0.01,0.01,0.01
DSLR1_IMG_0037.tif,762811.7361,3295763.519,4059.4979,0.01,0.01,0.01,234.4593334,10.67166314,5.67775077,0.01,0.01,0.01
DSLR1_IMG_0040.tif,762811.7361,3295763.519,4059.4979,0.01,0.01,0.01,234.4844526,10.68720073,5.700705792,0.01,0.01,0.01
DSLR1_IMG_0049.tif,762811.7361,3295763.519,4059.4979,0.01,0.01,0.01,234.4732698,10.6017622,5.716306784,0.01,0.01,0.01
DSLR1_IMG_0050.tif,762811.7361,3295763.519,4059.4979,0.01,0.01,0.01,234.5174771,10.57382242,5.689890796,0.01,0.01,0.01
DSLR1_IMG_0052.tif,762811.7361,3295763.519,4059.4979,0.01,0.01,0.01,234.5210539,10.60490231,5.722648724,0.01,0.01,0.01
DSLR1_IMG_0053.tif,762811.7361,3295763.519,4059.4979,0.01,0.01,0.01,234.5040666,10.6118823,5.735070874,0.01,0.01,0.01
DSLR1_IMG_0061.tif,762811.7361,3295763.519,4059.4979,0.01,0.01,0.01,234.4684907,10.5767549,5.704919741,0.01,0.01,0.01
DSLR1_IMG_0062.tif,762811.7361,3295763.519,4059.4979,0.01,0.01,0.01,234.5488037,10.50128474,5.713322013,0.01,0.01,0.01
DSLR1_IMG_0065.tif,762811.7361,3295763.519,4059.4979,0.01,0.01,0.01,234.5152188,10.23623259,4.59557925,0.01,0.01,0.01
DSLR1_IMG_0075.tif,762811.7361,3295763.519,4059.4979,0.01,0.01,0.01,234.496786,10.0647688,4.519626738,0.01,0.01,0.01
DSLR1_IMG_0076.tif,762811.7361,3295763.519,4059.4979,0.01,0.01,0.01,234.5491301,10.11208941,4.494805557,0.01,0.01,0.01
DSLR1_IMG_0088.tif,762811.7361,3295763.519,4059.4979,0.01,0.01,0.01,234.5794122,9.968870656,4.308433828,0.01,0.01,0.01
DSLR1_IMG_0091.tif,762811.7361,3295763.519,4059.4979,0.01,0.01,0.01,234.4712886,10.17215083,4.418928285,0.01,0.01,0.01
DSLR1_IMG_0101.tif,762811.7361,3295763.519,4059.4979,0.01,0.01,0.01,234.4665674,10.05913333,4.434519652,0.01,0.01,0.01
DSLR1_IMG_0102.tif,762811.7361,3295763.519,4059.4979,0.01,0.01,0.01,234.449268,10.13481542,4.417977628,0.01,0.01,0.01
DSLR1_IMG_0104.tif,762811.7361,3295763.519,4059.4979,0.01,0.01,0.01,234.466174,10.15454402,4.445104808,0.01,0.01,0.01
DSLR1_IMG_0128.tif,762811.7361,3295763.519,4059.4979,0.01,0.01,0.01,234.4623539,10.10202881,4.399362542,0.01,0.01,0.01
DSLR1_IMG_0152.tif,762811.7361,3295763.519,4059.4979,0.01,0.01,0.01,234.4513932,10.09515223,4.464487011,0.01,0.01,0.01
DSLR1_IMG_0153.tif,762811.7361,3295763.519,4059.4979,0.01,0.01,0.01,234.4397598,10.11259494,4.435390277,0.01,0.01,0.01
DSLR1_IMG_0153.tif,762811.7361,3295763.519,4059.4979,0.01,0.01,0.01,234.4397598,10.11259494,4.435390277,0.01,0.01,0.01
DSLR1_IMG_0165.tif,762811.7361,3295763.519,4059.4979,0.01,0.01,0.01,234.4212879,10.13408586,4.405063817,0.01,0.01,0.01
DSLR1_IMG_0174.tif,762811.7361,3295763.519,4059.4979,0.01,0.01,0.01,234.4406518,10.06849347,4.406319156,0.01,0.01,0.01
DSLR1_IMG_0174.tif,762811.7361,3295763.519,4059.4979,0.01,0.01,0.01,234.4406518,10.06849347,4.406319156,0.01,0.01,0.01
DSLR1_IMG_0175.tif,762811.7361,3295763.519,4059.4979,0.01,0.01,0.01,234.4646715,10.14936987,4.402742945,0.01,0.01,0.01
DSLR1_IMG_0176.tif,762811.7361,3295763.519,4059.4979,0.01,0.01,0.01,234.5281476,10.14337157,4.414856886,0.01,0.01,0.01
DSLR1_IMG_0177.tif,762811.7361,3295763.519,4059.4979,0.01,0.01,0.01,234.4661702,10.13556817,4.410529678,0.01,0.01,0.01
DSLR1_IMG_0187.tif,762811.7361,3295763.519,4059.4979,0.01,0.01,0.01,234.4484195,10.11493053,4.392450242,0.01,0.01,0.01
DSLR1_IMG_0188.tif,762811.7361,3295763.519,4059.4979,0.01,0.01,0.01,234.4278959,10.13033769,4.400887235,0.01,0.01,0.01
DSLR1_IMG_0197.tif,762811.7361,3295763.519,4059.4979,0.01,0.01,0.01,234.4337133,10.07868932,4.401026057,0.01,0.01,0.01
DSLR1_IMG_0197.tif,762811.7361,3295763.519,4059.4979,0.01,0.01,0.01,234.4337133,10.07868932,4.401026057,0.01,0.01,0.01
DSLR1_IMG_0200.tif,762811.7361,3295763.519,4059.4979,0.01,0.01,0.01,234.4687237,10.11319583,4.401028001,0.01,0.01,0.01
DSLR1_IMG_0211.tif,762811.7361,3295763.519,4059.4979,0.01,0.01,0.01,234.4859724,10.10309693,4.372647281,0.01,0.01,0.01
DSLR1_IMG_0212.tif,762811.7361,3295763.519,4059.4979,0.01,0.01,0.01,234.4769432,10.16545613,4.413688711,0.01,0.01,0.01
DSLR1_IMG_0221.tif,762811.7361,3295763.519,4059.4979,0.01,0.01,0.01,234.4306101,10.09079227,4.402262729,0.01,0.01,0.01
DSLR1_IMG_0223.tif,762811.7361,3295763.519,4059.4979,0.01,0.01,0.01,234.4762661,10.09369212,4.351433533,0.01,0.01,0.01
DSLR1_IMG_0224.tif,762811.7361,3295763.519,4059.4979,0.01,0.01,0.01,234.4895898,10.14978309,4.3962328,0.01,0.01,0.01
DSLR1_IMG_0225.tif,762811.7361,3295763.519,4059.4979,0.01,0.01,0.01,234.6519986,10.09416528,4.366955651,0.01,0.01,0.01
DSLR1_IMG_0225.tif,762811.7361,3295763.519,4059.4979,0.01,0.01,0.01,234.6519986,10.09416528,4.366955651,0.01,0.01,0.01
DSLR1_IMG_0234.tif,762811.7361,3295763.519,4059.4979,0.01,0.01,0.01,234.4827846,10.06708639,4.372096113,0.01,0.01,0.01
DSLR1_IMG_0235.tif,762811.7361,3295763.519,4059.4979,0.01,0.01,0.01,234.4734624,10.12582618,4.363088729,0.01,0.01,0.01
DSLR1_IMG_0236.tif,762811.7361,3295763.519,4059.4979,0.01,0.01,0.01,234.5811206,10.10989746,4.354107715,0.01,0.01,0.01
DSLR1_IMG_0248.tif,762811.7361,3295763.519,4059.4979,0.01,0.01,0.01,234.4242949,10.09561627,4.363554934,0.01,0.01,0.01
DSLR1_IMG_0249.tif,762811.7361,3295763.519,4059.4979,0.01,0.01,0.01,234.4879622,10.72891352,5.653306983,0.01,0.01,0.01
DSLR1_IMG_0270.tif,762811.7361,3295763.519,4059.4979,0.01,0.01,0.01,234.4197108,10.09730502,4.366711198,0.01,0.01,0.01
DSLR1_IMG_0284.tif,762811.7361,3295763.519,4059.4979,0.01,0.01,0.01,234.4385034,10.08494239,4.359608253,0.01,0.01,0.01
DSLR1_IMG_0285.tif,762811.7361,3295763.519,4059.4979,0.01,0.01,0.01,234.4545279,10.12648515,4.365553496,0.01,0.01,0.01
DSLR1_IMG_0285.tif,762811.7361,3295763.519,4059.4979,0.01,0.01,0.01,234.4545279,10.12648515,4.365553496,0.01,0.01,0.01
DSLR1_IMG_0293.tif,762811.7361,3295763.519,4059.4979,0.01,0.01,0.01,234.4606297,10.04333153,4.387710294,0.01,0.01,0.01
DSLR1_IMG_0293.tif,762811.7361,3295763.519,4059.4979,0.01,0.01,0.01,234.4606297,10.04333153,4.387710294,0.01,0.01,0.01
DSLR1_IMG_0294.tif,762811.7361,3295763.519,4059.4979,0.01,0.01,0.01,234.4346128,10.13478429,4.361706943,0.01,0.01,0.01
DSLR1_IMG_0295.tif,762811.7361,3295763.519,4059.4979,0.01,0.01,0.01,234.4604408,10.12431644,4.357645467,0.01,0.01,0.01
DSLR1_IMG_0296.tif,762811.7361,3295763.519,4059.4979,0.01,0.01,0.01,234.4526809,10.14649043,4.372196526,0.01,0.01,0.01
DSLR1_IMG_0297.tif,762811.7361,3295763.519,4059.4979,0.01,0.01,0.01,234.4639351,10.12493847,4.369316327,0.01,0.01,0.01
DSLR1_IMG_0298.tif,762811.7361,3295763.519,4059.4979,0.01,0.01,0.01,234.4942744,10.10484938,4.399194741,0.01,0.01,0.01
DSLR1_IMG_0305.tif,762811.7361,3295763.519,4059.4979,0.01,0.01,0.01,234.4429083,10.01883547,4.523087393,0.01,0.01,0.01
DSLR1_IMG_0305.tif,762811.7361,3295763.519,4059.4979,0.01,0.01,0.01,234.4429083,10.01883547,4.523087393,0.01,0.01,0.01
DSLR1_IMG_0306.tif,762811.7361,3295763.519,4059.4979,0.01,0.01,0.01,234.4716061,10.07195543,4.366335831,0.01,0.01,0.01
DSLR1_IMG_0307.tif,762811.7361,3295763.519,4059.4979,0.01,0.01,0.01,234.4687281,10.12708729,4.364144067,0.01,0.01,0.01
DSLR1_IMG_0308.tif,762811.7361,3295763.519,4059.4979,0.01,0.01,0.01,234.4765083,10.12870847,4.364978796,0.01,0.01,0.01
DSLR1_IMG_0309.tif,762811.7361,3295763.519,4059.4979,0.01,0.01,0.01,234.5928576,10.11514422,4.34330234,0.01,0.01,0.01
DSLR1_IMG_0319.tif,762811.7361,3295763.519,4059.4979,0.01,0.01,0.01,234.4326248,10.08546543,4.375529874,0.01,0.01,0.01
DSLR1_IMG_0320.tif,762811.7361,3295763.519,4059.4979,0.01,0.01,0.01,234.4750313,10.07942774,4.348685471,0.01,0.01,0.01
DSLR1_IMG_0321.tif,762811.7361,3295763.519,4059.4979,0.01,0.01,0.01,234.4717174,10.11751015,4.364750983,0.01,0.01,0.01
DSLR1_IMG_0321.tif,762811.7361,3295763.519,4059.4979,0.01,0.01,0.01,234.4717174,10.11751015,4.364750983,0.01,0.01,0.01
DSLR1_IMG_0331.tif,762811.7361,3295763.519,4059.4979,0.01,0.01,0.01,234.4302478,10.07018331,4.358950809,0.01,0.01,0.01
DSLR1_IMG_0333.tif,762811.7361,3295763.519,4059.4979,0.01,0.01,0.01,234.5115304,10.09862437,4.391763066,0.01,0.01,0.01
DSLR1_IMG_0343.tif,762811.7361,3295763.519,4059.4979,0.01,0.01,0.01,234.4405517,10.10238785,4.356357421,0.01,0.01,0.01
DSLR1_IMG_0344.tif,762811.7361,3295763.519,4059.4979,0.01,0.01,0.01,234.4663684,10.13355431,4.354635181,0.01,0.01,0.01
DSLR1_IMG_0345.tif,762811.7361,3295763.519,4059.4979,0.01,0.01,0.01,234.4749498,10.12821407,4.384643556,0.01,0.01,0.01
DSLR1_IMG_0345.tif,762811.7361,3295763.519,4059.4979,0.01,0.01,0.01,234.4749498,10.12821407,4.384643556,0.01,0.01,0.01
DSLR1_IMG_0355.tif,762811.7361,3295763.519,4059.4979,0.01,0.01,0.01,234.427796,10.07652929,4.423274737,0.01,0.01,0.01
DSLR1_IMG_0356.tif,762811.7361,3295763.519,4059.4979,0.01,0.01,0.01,234.4431877,10.0410039,4.538607601,0.01,0.01,0.01
DSLR1_IMG_0356.tif,762811.7361,3295763.519,4059.4979,0.01,0.01,0.01,234.4431877,10.0410039,4.538607601,0.01,0.01,0.01
DSLR1_IMG_0366.tif,762811.7361,3295763.519,4059.4979,0.01,0.01,0.01,234.3341015,10.32060934,3.03679713,0.01,0.01,0.01
DSLR1_IMG_0366.tif,762811.7361,3295763.519,4059.4979,0.01,0.01,0.01,234.3341015,10.32060934,3.03679713,0.01,0.01,0.01
DSLR1_IMG_0368.tif,762811.7361,3295763.519,4059.4979,0.01,0.01,0.01,234.4168402,10.10169543,4.371696307,0.01,0.01,0.01
DSLR1_IMG_0379.tif,762811.7361,3295763.519,4059.4979,0.01,0.01,0.01,234.4461133,10.05538801,4.364371946,0.01,0.01,0.01
DSLR1_IMG_0380.tif,762811.7361,3295763.519,4059.4979,0.01,0.01,0.01,234.4639743,10.08817836,4.38545419,0.01,0.01,0.01
DSLR1_IMG_0381.tif,762811.7361,3295763.519,4059.4979,0.01,0.01,0.01,234.4777864,10.08454443,4.348362131,0.01,0.01,0.01
DSLR1_IMG_0390.tif,762811.7361,3295763.519,4059.4979,0.01,0.01,0.01,234.4388262,10.07306531,4.356611532,0.01,0.01,0.01
DSLR1_IMG_0391.tif,762811.7361,3295763.519,4059.4979,0.01,0.01,0.01,234.4568956,10.09859232,4.344917829,0.01,0.01,0.01
DSLR1_IMG_0392.tif,762811.7361,3295763.519,4059.4979,0.01,0.01,0.01,234.4506034,10.12658201,4.351826618,0.01,0.01,0.01
DSLR1_IMG_0393.tif,762811.7361,3295763.519,4059.4979,0.01,0.01,0.01,234.4802047,10.12510934,4.347795117,0.01,0.01,0.01
DSLR1_IMG_0393.tif,762811.7361,3295763.519,4059.4979,0.01,0.01,0.01,234.4802047,10.12510934,4.347795117,0.01,0.01,0.01
DSLR1_IMG_0402.tif,762811.7361,3295763.519,4059.4979,0.01,0.01,0.01,234.4424613,10.07808733,4.356894225,0.01,0.01,0.01
DSLR1_IMG_0402.tif,762811.7361,3295763.519,4059.4979,0.01,0.01,0.01,234.4424613,10.07808733,4.356894225,0.01,0.01,0.01
DSLR1_IMG_0403.tif,762811.7361,3295763.519,4059.4979,0.01,0.01,0.01,234.4704483,10.11623469,4.341472781,0.01,0.01,0.01
DSLR1_IMG_0404.tif,762811.7361,3295763.519,4059.4979,0.01,0.01,0.01,234.4902126,10.13530865,4.36096255,0.01,0.01,0.01
DSLR1_IMG_0414.tif,762811.7361,3295763.519,4059.4979,0.01,0.01,0.01,234.4404424,10.03271483,4.44440095,0.01,0.01,0.01
DSLR1_IMG_0440.tif,762811.7361,3295763.519,4059.4979,0.01,0.01,0.01,234.4501822,10.07109613,4.29746479,0.01,0.01,0.01
DSLR1_IMG_0440.tif,762811.7361,3295763.519,4059.4979,0.01,0.01,0.01,234.4501822,10.07109613,4.29746479,0.01,0.01,0.01
DSLR1_IMG_0441.tif,762811.7361,3295763.519,4059.4979,0.01,0.01,0.01,234.4447389,10.07394299,4.322536415,0.01,0.01,0.01
DSLR1_IMG_0449.tif,762811.7361,3295763.519,4059.4979,0.01,0.01,0.01,234.4468626,10.01425517,4.494002705,0.01,0.01,0.01
DSLR1_IMG_0449.tif,762811.7361,3295763.519,4059.4979,0.01,0.01,0.01,234.4468626,10.01425517,4.494002705,0.01,0.01,0.01
DSLR1_IMG_0450.tif,762811.7361,3295763.519,4059.4979,0.01,0.01,0.01,234.4451183,10.02432783,4.498840652,0.01,0.01,0.01
DSLR1_IMG_0450.tif,762811.7361,3295763.519,4059.4979,0.01,0.01,0.01,234.4451183,10.02432783,4.498840652,0.01,0.01,0.01
DSLR1_IMG_0464.tif,762811.7361,3295763.519,4059.4979,0.01,0.01,0.01,234.4191362,10.09890015,4.353074274,0.01,0.01,0.01
DSLR1_IMG_0477.tif,762811.7361,3295763.519,4059.4979,0.01,0.01,0.01,234.4879622,10.72891352,5.653306983,0.01,0.01,0.01
DSLR1_IMG_0477.tif,762811.7361,3295763.519,4059.4979,0.01,0.01,0.01,234.4879622,10.72891352,5.653306983,0.01,0.01,0.01
DSLR1_IMG_0487.tif,762811.7361,3295763.519,4059.4979,0.01,0.01,0.01,234.4401191,10.07378366,4.402830247,0.01,0.01,0.01
DSLR1_IMG_0488.tif,762811.7361,3295763.519,4059.4979,0.01,0.01,0.01,234.4458764,10.09529811,4.367019722,0.01,0.01,0.01
DSLR1_IMG_0497.tif,762811.7361,3295763.519,4059.4979,0.01,0.01,0.01,234.4123639,10.0898111,4.358829806,0.01,0.01,0.01
DSLR1_IMG_0498.tif,762811.7361,3295763.519,4059.4979,0.01,0.01,0.01,234.4400343,10.07760678,4.347232703,0.01,0.01,0.01
DSLR1_IMG_0499.tif,762811.7361,3295763.519,4059.4979,0.01,0.01,0.01,234.4468176,10.09812349,4.332042884,0.01,0.01,0.01
DSLR1_IMG_0509.tif,762811.7361,3295763.519,4059.4979,0.01,0.01,0.01,234.4129102,10.06663528,4.352935486,0.01,0.01,0.01
DSLR1_IMG_0509.tif,762811.7361,3295763.519,4059.4979,0.01,0.01,0.01,234.4129102,10.06663528,4.352935486,0.01,0.01,0.01
DSLR1_IMG_0510.tif,762811.7361,3295763.519,4059.4979,0.01,0.01,0.01,234.4412903,10.0911132,4.34945124,0.01,0.01,0.01
DSLR1_IMG_0511.tif,762811.7361,3295763.519,4059.4979,0.01,0.01,0.01,234.4572893,10.09449342,4.344209605,0.01,0.01,0.01
DSLR1_IMG_0512.tif,762811.7361,3295763.519,4059.4979,0.01,0.01,0.01,234.456535,10.12387476,4.345059461,0.01,0.01,0.01
DSLR1_IMG_0513.tif,762811.7361,3295763.519,4059.4979,0.01,0.01,0.01,234.4950819,10.1118454,4.330663495,0.01,0.01,0.01
DSLR1_IMG_0522.tif,762811.7361,3295763.519,4059.4979,0.01,0.01,0.01,234.460384,10.07954476,4.349236559,0.01,0.01,0.01
DSLR1_IMG_0523.tif,762811.7361,3295763.519,4059.4979,0.01,0.01,0.01,234.4835441,10.10803723,4.339680712,0.01,0.01,0.01
DSLR1_IMG_0524.tif,762811.7361,3295763.519,4059.4979,0.01,0.01,0.01,234.4963682,10.12543331,4.34361977,0.01,0.01,0.01
DSLR1_IMG_0525.tif,762811.7361,3295763.519,4059.4979,0.01,0.01,0.01,234.6999251,10.02806088,4.480279445,0.01,0.01,0.01
DSLR1_IMG_0533.tif,762811.7361,3295763.519,4059.4979,0.01,0.01,0.01,234.4313047,10.03542681,4.343846976,0.01,0.01,0.01
DSLR1_IMG_0534.tif,762811.7361,3295763.519,4059.4979,0.01,0.01,0.01,234.4701509,10.05159262,4.331900555,0.01,0.01,0.01
DSLR1_IMG_0535.tif,762811.7361,3295763.519,4059.4979,0.01,0.01,0.01,234.4798997,10.11878201,4.346376972,0.01,0.01,0.01
DSLR1_IMG_0536.tif,762811.7361,3295763.519,4059.4979,0.01,0.01,0.01,234.5336803,10.07309387,4.310854846,0.01,0.01,0.01
DSLR1_IMG_0546.tif,762811.7361,3295763.519,4059.4979,0.01,0.01,0.01,234.4493312,10.04332242,4.444698775,0.01,0.01,0.01
DSLR1_IMG_0557.tif,762811.7361,3295763.519,4059.4979,0.01,0.01,0.01,234.4382834,10.05237323,4.353471123,0.01,0.01,0.01
DSLR1_IMG_0557.tif,762811.7361,3295763.519,4059.4979,0.01,0.01,0.01,234.4382834,10.05237323,4.353471123,0.01,0.01,0.01
DSLR1_IMG_0558.tif,762811.7361,3295763.519,4059.4979,0.01,0.01,0.01,234.4455657,10.08351994,4.347571322,0.01,0.01,0.01
DSLR1_IMG_0559.tif,762811.7361,3295763.519,4059.4979,0.01,0.01,0.01,234.4541951,10.1024705,4.34608325,0.01,0.01,0.01
DSLR1_IMG_0560.tif,762811.7361,3295763.519,4059.4979,0.01,0.01,0.01,234.5315563,10.0722612,4.316234474,0.01,0.01,0.01
DSLR1_IMG_0570.tif,762811.7361,3295763.519,4059.4979,0.01,0.01,0.01,234.4325479,10.0770886,4.345975626,0.01,0.01,0.01
DSLR1_IMG_0583.tif,762811.7361,3295763.519,4059.4979,0.01,0.01,0.01,234.4489087,10.06521704,4.331798739,0.01,0.01,0.01
DSLR1_IMG_0584.tif,762811.7361,3295763.519,4059.4979,0.01,0.01,0.01,234.444557,10.10638488,4.34444751,0.01,0.01,0.01
DSLR1_IMG_0585.tif,762811.7361,3295763.519,4059.4979,0.01,0.01,0.01,234.4651515,10.12108558,4.321486316,0.01,0.01,0.01
DSLR1_IMG_0593.tif,762811.7361,3295763.519,4059.4979,0.01,0.01,0.01,234.4603441,9.986091011,4.370138532,0.01,0.01,0.01
DSLR1_IMG_0594.tif,762811.7361,3295763.519,4059.4979,0.01,0.01,0.01,234.4894956,10.05091574,4.344353758,0.01,0.01,0.01
DSLR1_IMG_0595.tif,762811.7361,3295763.519,4059.4979,0.01,0.01,0.01,234.4907313,10.11656316,4.32533656,0.01,0.01,0.01
DSLR1_IMG_0596.tif,762811.7361,3295763.519,4059.4979,0.01,0.01,0.01,234.5059469,10.10775587,4.317135315,0.01,0.01,0.01
DSLR1_IMG_0597.tif,762811.7361,3295763.519,4059.4979,0.01,0.01,0.01,234.5542513,10.10268633,4.37493919,0.01,0.01,0.01
DSLR1_IMG_0597.tif,762811.7361,3295763.519,4059.4979,0.01,0.01,0.01,234.5542513,10.10268633,4.37493919,0.01,0.01,0.01
DSLR1_IMG_0605.tif,762811.7361,3295763.519,4059.4979,0.01,0.01,0.01,234.4660777,10.00114791,4.388202779,0.01,0.01,0.01
DSLR1_IMG_0606.tif,762811.7361,3295763.519,4059.4979,0.01,0.01,0.01,234.4545179,10.04210999,4.350013943,0.01,0.01,0.01
DSLR1_IMG_0607.tif,762811.7361,3295763.519,4059.4979,0.01,0.01,0.01,234.4753017,10.0508853,4.313917853,0.01,0.01,0.01
DSLR1_IMG_0608.tif,762811.7361,3295763.519,4059.4979,0.01,0.01,0.01,234.4809047,10.13838406,4.344447741,0.01,0.01,0.01
DSLR1_IMG_0617.tif,762811.7361,3295763.519,4059.4979,0.01,0.01,0.01,234.422469,10.05483984,4.342293728,0.01,0.01,0.01
DSLR1_IMG_0619.tif,762811.7361,3295763.519,4059.4979,0.01,0.01,0.01,234.4831322,10.07909542,4.322228352,0.01,0.01,0.01
DSLR1_IMG_0628.tif,762811.7361,3295763.519,4059.4979,0.01,0.01,0.01,234.4754198,10.0264588,4.269840283,0.01,0.01,0.01
DSLR1_IMG_0628.tif,762811.7361,3295763.519,4059.4979,0.01,0.01,0.01,234.4754198,10.0264588,4.269840283,0.01,0.01,0.01
DSLR1_IMG_0631.tif,762811.7361,3295763.519,4059.4979,0.01,0.01,0.01,234.476432,10.07808164,4.329103183,0.01,0.01,0.01
DSLR1_IMG_0641.tif,762811.7361,3295763.519,4059.4979,0.01,0.01,0.01,234.4341118,10.05995698,4.350708559,0.01,0.01,0.01
DSLR1_IMG_0642.tif,762811.7361,3295763.519,4059.4979,0.01,0.01,0.01,234.4390785,10.06446873,4.334412837,0.01,0.01,0.01
DSLR1_IMG_0655.tif,762811.7361,3295763.519,4059.4979,0.01,0.01,0.01,234.4411577,10.06447321,4.339467423,0.01,0.01,0.01
DSLR1_IMG_0657.tif,762811.7361,3295763.519,4059.4979,0.01,0.01,0.01,234.4224446,10.09308946,4.318764423,0.01,0.01,0.01
DSLR1_IMG_0657.tif,762811.7361,3295763.519,4059.4979,0.01,0.01,0.01,234.4224446,10.09308946,4.318764423,0.01,0.01,0.01
DSLR1_IMG_0665.tif,762811.7361,3295763.519,4059.4979,0.01,0.01,0.01,234.4463536,10.03790758,4.351492439,0.01,0.01,0.01
DSLR1_IMG_0665.tif,762811.7361,3295763.519,4059.4979,0.01,0.01,0.01,234.4463536,10.03790758,4.351492439,0.01,0.01,0.01
DSLR1_IMG_0666.tif,762811.7361,3295763.519,4059.4979,0.01,0.01,0.01,234.4513391,10.05054634,4.33381045,0.01,0.01,0.01
DSLR1_IMG_0667.tif,762811.7361,3295763.519,4059.4979,0.01,0.01,0.01,234.4669277,10.07034117,4.326461221,0.01,0.01,0.01
DSLR1_IMG_0668.tif,762811.7361,3295763.519,4059.4979,0.01,0.01,0.01,234.5809762,10.05311876,4.34255352,0.01,0.01,0.01
DSLR1_IMG_0679.tif,762811.7361,3295763.519,4059.4979,0.01,0.01,0.01,234.4766446,10.06849655,4.363849789,0.01,0.01,0.01
DSLR1_IMG_0693.tif,762811.7361,3295763.519,4059.4979,0.01,0.01,0.01,234.4859952,9.964821446,4.580603284,0.01,0.01,0.01
DSLR1_IMG_0693.tif,762811.7361,3295763.519,4059.4979,0.01,0.01,0.01,234.4859952,9.964821446,4.580603284,0.01,0.01,0.01
DSLR1_IMG_0701.tif,762811.7361,3295763.519,4059.4979,0.01,0.01,0.01,234.4210861,10.03499805,4.333054294,0.01,0.01,0.01
DSLR1_IMG_0702.tif,762811.7361,3295763.519,4059.4979,0.01,0.01,0.01,234.457876,10.04500705,4.346811022,0.01,0.01,0.01
DSLR1_IMG_0703.tif,762811.7361,3295763.519,4059.4979,0.01,0.01,0.01,234.4401138,10.0978268,4.335764845,0.01,0.01,0.01
DSLR1_IMG_0705.tif,762811.7361,3295763.519,4059.4979,0.01,0.01,0.01,234.59683,10.12328288,4.327872133,0.01,0.01,0.01
DSLR1_IMG_0713.tif,762811.7361,3295763.519,4059.4979,0.01,0.01,0.01,234.451712,9.94565279,4.582207567,0.01,0.01,0.01
DSLR1_IMG_0713.tif,762811.7361,3295763.519,4059.4979,0.01,0.01,0.01,234.451712,9.94565279,4.582207567,0.01,0.01,0.01
DSLR1_IMG_0714.tif,762811.7361,3295763.519,4059.4979,0.01,0.01,0.01,234.4118184,10.17260455,3.591960556,0.01,0.01,0.01
DSLR1_IMG_0716.tif,762811.7361,3295763.519,4059.4979,0.01,0.01,0.01,234.4813124,10.03639106,4.217865123,0.01,0.01,0.01
DSLR1_IMG_0727.tif,762811.7361,3295763.519,4059.4979,0.01,0.01,0.01,234.4661448,10.03945715,4.224906095,0.01,0.01,0.01
DSLR1_IMG_0728.tif,762811.7361,3295763.519,4059.4979,0.01,0.01,0.01,234.3925112,10.22813678,3.183836625,0.01,0.01,0.01
DSLR1_IMG_0729.tif,762811.7361,3295763.519,4059.4979,0.01,0.01,0.01,234.4879622,10.72891352,5.653306983,0.01,0.01,0.01
DSLR1_IMG_0729.tif,762811.7361,3295763.519,4059.4979,0.01,0.01,0.01,234.4879622,10.72891352,5.653306983,0.01,0.01,0.01
DSLR1_IMG_0737.tif,762811.7361,3295763.519,4059.4979,0.01,0.01,0.01,234.4131039,10.06714289,4.31182115,0.01,0.01,0.01
DSLR1_IMG_0737.tif,762811.7361,3295763.519,4059.4979,0.01,0.01,0.01,234.4131039,10.06714289,4.31182115,0.01,0.01,0.01
DSLR1_IMG_0738.tif,762811.7361,3295763.519,4059.4979,0.01,0.01,0.01,234.4531627,10.05467473,4.325522295,0.01,0.01,0.01
DSLR1_IMG_0739.tif,762811.7361,3295763.519,4059.4979,0.01,0.01,0.01,234.451818,10.08119059,4.327580115,0.01,0.01,0.01
DSLR1_IMG_0740.tif,762811.7361,3295763.519,4059.4979,0.01,0.01,0.01,234.4569352,10.11090482,4.335127392,0.01,0.01,0.01
DSLR1_IMG_0741.tif,762811.7361,3295763.519,4059.4979,0.01,0.01,0.01,234.498932,10.12552288,4.339378393,0.01,0.01,0.01
DSLR1_IMG_0741.tif,762811.7361,3295763.519,4059.4979,0.01,0.01,0.01,234.498932,10.12552288,4.339378393,0.01,0.01,0.01
DSLR1_IMG_0749.tif,762811.7361,3295763.519,4059.4979,0.01,0.01,0.01,234.4033818,10.07609618,4.32760881,0.01,0.01,0.01
DSLR1_IMG_0750.tif,762811.7361,3295763.519,4059.4979,0.01,0.01,0.01,234.430056,10.02974065,4.328152759,0.01,0.01,0.01
DSLR1_IMG_0751.tif,762811.7361,3295763.519,4059.4979,0.01,0.01,0.01,234.4524604,10.08741671,4.313845983,0.01,0.01,0.01
DSLR1_IMG_0752.tif,762811.7361,3295763.519,4059.4979,0.01,0.01,0.01,234.4632834,10.08271438,4.361395778,0.01,0.01,0.01
DSLR1_IMG_0761.tif,762811.7361,3295763.519,4059.4979,0.01,0.01,0.01,234.4709154,9.94280646,4.540219909,0.01,0.01,0.01
DSLR1_IMG_0762.tif,762811.7361,3295763.519,4059.4979,0.01,0.01,0.01,234.4323668,10.04685306,4.32777688,0.01,0.01,0.01
DSLR1_IMG_0764.tif,762811.7361,3295763.519,4059.4979,0.01,0.01,0.01,234.4745793,10.08766503,4.325048063,0.01,0.01,0.01
DSLR1_IMG_0774.tif,762811.7361,3295763.519,4059.4979,0.01,0.01,0.01,234.4307818,10.05067924,4.328169972,0.01,0.01,0.01
DSLR1_IMG_0775.tif,762811.7361,3295763.519,4059.4979,0.01,0.01,0.01,234.4573724,10.05156809,4.311495284,0.01,0.01,0.01
DSLR1_IMG_0777.tif,762811.7361,3295763.519,4059.4979,0.01,0.01,0.01,234.4976882,10.11546256,4.341658532,0.01,0.01,0.01
DSLR1_IMG_0777.tif,762811.7361,3295763.519,4059.4979,0.01,0.01,0.01,234.4976882,10.11546256,4.341658532,0.01,0.01,0.01
DSLR1_IMG_0786.tif,762811.7361,3295763.519,4059.4979,0.01,0.01,0.01,234.4604661,10.02526324,4.290614027,0.01,0.01,0.01
DSLR1_IMG_0787.tif,762811.7361,3295763.519,4059.4979,0.01,0.01,0.01,234.4719119,10.09322175,4.290744043,0.01,0.01,0.01
DSLR1_IMG_0797.tif,762811.7361,3295763.519,4059.4979,0.01,0.01,0.01,234.4305134,10.0028334,4.318387267,0.01,0.01,0.01
DSLR1_IMG_0798.tif,762811.7361,3295763.519,4059.4979,0.01,0.01,0.01,234.4609639,10.00346202,4.272190232,0.01,0.01,0.01
DSLR1_IMG_0799.tif,762811.7361,3295763.519,4059.4979,0.01,0.01,0.01,234.4776556,10.04327907,4.283969234,0.01,0.01,0.01
DSLR1_IMG_0800.tif,762811.7361,3295763.519,4059.4979,0.01,0.01,0.01,234.4756257,10.08482834,4.327707723,0.01,0.01,0.01
DSLR1_IMG_0801.tif,762811.7361,3295763.519,4059.4979,0.01,0.01,0.01,234.4803105,10.06289383,4.34176576,0.01,0.01,0.01
DSLR1_IMG_0801.tif,762811.7361,3295763.519,4059.4979,0.01,0.01,0.01,234.4803105,10.06289383,4.34176576,0.01,0.01,0.01
DSLR1_IMG_0809.tif,762811.7361,3295763.519,4059.4979,0.01,0.01,0.01,234.4160673,10.00066,4.287525609,0.01,0.01,0.01
DSLR1_IMG_0809.tif,762811.7361,3295763.519,4059.4979,0.01,0.01,0.01,234.4160673,10.00066,4.287525609,0.01,0.01,0.01
DSLR1_IMG_0810.tif,762811.7361,3295763.519,4059.4979,0.01,0.01,0.01,234.46285,9.984102157,4.287534204,0.01,0.01,0.01
DSLR1_IMG_0812.tif,762811.7361,3295763.519,4059.4979,0.01,0.01,0.01,234.4946217,10.08430781,4.332047601,0.01,0.01,0.01
DSLR1_IMG_0813.tif,762811.7361,3295763.519,4059.4979,0.01,0.01,0.01,234.4767534,10.07424314,4.337862291,0.01,0.01,0.01
DSLR1_IMG_0821.tif,762811.7361,3295763.519,4059.4979,0.01,0.01,0.01,234.4121484,10.00887826,4.308539948,0.01,0.01,0.01
DSLR1_IMG_0821.tif,762811.7361,3295763.519,4059.4979,0.01,0.01,0.01,234.4121484,10.00887826,4.308539948,0.01,0.01,0.01
DSLR1_IMG_0822.tif,762811.7361,3295763.519,4059.4979,0.01,0.01,0.01,234.4369466,10.04692287,4.321325194,0.01,0.01,0.01
DSLR1_IMG_0823.tif,762811.7361,3295763.519,4059.4979,0.01,0.01,0.01,234.4507517,10.03838048,4.290136129,0.01,0.01,0.01
DSLR1_IMG_0824.tif,762811.7361,3295763.519,4059.4979,0.01,0.01,0.01,234.4591465,10.08283363,4.312430177,0.01,0.01,0.01
DSLR1_IMG_0825.tif,762811.7361,3295763.519,4059.4979,0.01,0.01,0.01,234.5062754,9.982849008,4.58250342,0.01,0.01,0.01
DSLR1_IMG_0834.tif,762811.7361,3295763.519,4059.4979,0.01,0.01,0.01,234.4497125,9.971873322,4.287969996,0.01,0.01,0.01
DSLR1_IMG_0835.tif,762811.7361,3295763.519,4059.4979,0.01,0.01,0.01,234.4539549,10.07506711,4.290855156,0.01,0.01,0.01
DSLR1_IMG_0836.tif,762811.7361,3295763.519,4059.4979,0.01,0.01,0.01,234.4775952,10.07118776,4.291651686,0.01,0.01,0.01
DSLR1_IMG_0837.tif,762811.7361,3295763.519,4059.4979,0.01,0.01,0.01,234.4862776,10.05692392,4.320384764,0.01,0.01,0.01
DSLR1_IMG_0845.tif,762811.7361,3295763.519,4059.4979,0.01,0.01,0.01,234.4014841,9.951152118,4.223833827,0.01,0.01,0.01
DSLR1_IMG_0845.tif,762811.7361,3295763.519,4059.4979,0.01,0.01,0.01,234.4014841,9.951152118,4.223833827,0.01,0.01,0.01
DSLR1_IMG_0846.tif,762811.7361,3295763.519,4059.4979,0.01,0.01,0.01,234.3921894,10.04062405,4.158261669,0.01,0.01,0.01
DSLR1_IMG_0847.tif,762811.7361,3295763.519,4059.4979,0.01,0.01,0.01,234.4619883,10.04260701,4.293024201,0.01,0.01,0.01
DSLR1_IMG_0848.tif,762811.7361,3295763.519,4059.4979,0.01,0.01,0.01,234.4882405,10.05827103,4.284897373,0.01,0.01,0.01
DSLR1_IMG_0849.tif,762811.7361,3295763.519,4059.4979,0.01,0.01,0.01,234.6379219,10.04271407,4.301165762,0.01,0.01,0.01
DSLR1_IMG_0857.tif,762811.7361,3295763.519,4059.4979,0.01,0.01,0.01,234.4373541,9.970194797,4.410360983,0.01,0.01,0.01
DSLR1_IMG_0858.tif,762811.7361,3295763.519,4059.4979,0.01,0.01,0.01,234.4221658,10.00230514,4.28348926,0.01,0.01,0.01
DSLR1_IMG_0859.tif,762811.7361,3295763.519,4059.4979,0.01,0.01,0.01,234.463202,10.02811841,4.263126485,0.01,0.01,0.01
DSLR1_IMG_0860.tif,762811.7361,3295763.519,4059.4979,0.01,0.01,0.01,234.5230798,10.09501476,4.271425505,0.01,0.01,0.01
DSLR1_IMG_0870.tif,762811.7361,3295763.519,4059.4979,0.01,0.01,0.01,234.3999935,9.98231785,4.240624019,0.01,0.01,0.01
DSLR1_IMG_0871.tif,762811.7361,3295763.519,4059.4979,0.01,0.01,0.01,234.4202059,9.928595514,4.318557875,0.01,0.01,0.01
DSLR1_IMG_0874.tif,762811.7361,3295763.519,4059.4979,0.01,0.01,0.01,234.5005269,9.978102587,4.220015248,0.01,0.01,0.01
DSLR1_IMG_0880.tif,762811.7361,3295763.519,4059.4979,0.01,0.01,0.01,234.4424946,10.04436022,3.752469507,0.01,0.01,0.01
DSLR1_IMG_0881.tif,762811.7361,3295763.519,4059.4979,0.01,0.01,0.01,234.360522,9.882532868,4.213452921,0.01,0.01,0.01
DSLR1_IMG_0882.tif,762811.7361,3295763.519,4059.4979,0.01,0.01,0.01,234.4013422,9.900927407,4.283408671,0.01,0.01,0.01
DSLR1_IMG_0883.tif,762811.7361,3295763.519,4059.4979,0.01,0.01,0.01,234.4021137,9.940133833,4.285103149,0.01,0.01,0.01
DSLR1_IMG_0884.tif,762811.7361,3295763.519,4059.4979,0.01,0.01,0.01,234.4664901,9.934988805,4.279796093,0.01,0.01,0.01
DSLR1_IMG_0895.tif,762811.7361,3295763.519,4059.4979,0.01,0.01,0.01,234.4259688,9.943020311,4.307149651,0.01,0.01,0.01
DSLR1_IMG_0896.tif,762811.7361,3295763.519,4059.4979,0.01,0.01,0.01,234.4465604,9.958894665,4.276134102,0.01,0.01,0.01
DSLR1_IMG_0906.tif,762811.7361,3295763.519,4059.4979,0.01,0.01,0.01,234.4074335,9.892213229,4.31430522,0.01,0.01,0.01
DSLR1_IMG_0916.tif,762811.7361,3295763.519,4059.4979,0.01,0.01,0.01,234.3979559,10.52807958,2.558204285,0.01,0.01,0.01
DSLR1_IMG_0918.tif,762811.7361,3295763.519,4059.4979,0.01,0.01,0.01,234.4151418,9.901933904,4.31117349,0.01,0.01,0.01
DSLR1_IMG_0919.tif,762811.7361,3295763.519,4059.4979,0.01,0.01,0.01,234.4088084,9.935829456,4.315399285,0.01,0.01,0.01
DSLR1_IMG_0920.tif,762811.7361,3295763.519,4059.4979,0.01,0.01,0.01,234.4191878,9.962159404,4.260657937,0.01,0.01,0.01
DSLR1_IMG_0921.tif,762811.7361,3295763.519,4059.4979,0.01,0.01,0.01,234.4874865,10.02724872,4.323436734,0.01,0.01,0.01
DSLR1_IMG_0922.tif,762811.7361,3295763.519,4059.4979,0.01,0.01,0.01,234.4960998,8.816923207,6.792429467,0.01,0.01,0.01
DSLR1_IMG_0928.tif,762811.7361,3295763.519,4059.4979,0.01,0.01,0.01,234.4671309,9.620125774,4.689171189,0.01,0.01,0.01
DSLR1_IMG_0929.tif,762811.7361,3295763.519,4059.4979,0.01,0.01,0.01,234.3801811,9.86786898,4.307849132,0.01,0.01,0.01
DSLR1_IMG_0930.tif,762811.7361,3295763.519,4059.4979,0.01,0.01,0.01,234.3893156,9.897142593,4.313770277,0.01,0.01,0.01
DSLR1_IMG_0931.tif,762811.7361,3295763.519,4059.4979,0.01,0.01,0.01,234.4310917,9.922092738,4.309555059,0.01,0.01,0.01
DSLR1_IMG_0932.tif,762811.7361,3295763.519,4059.4979,0.01,0.01,0.01,234.4368475,9.964753136,4.305887732,0.01,0.01,0.01
DSLR1_IMG_0933.tif,762811.7361,3295763.519,4059.4979,0.01,0.01,0.01,234.4496459,9.809238845,4.659256024,0.01,0.01,0.01
DSLR1_IMG_0934.tif,762811.7361,3295763.519,4059.4979,0.01,0.01,0.01,234.540229,8.80515811,6.710146059,0.01,0.01,0.01
DSLR1_IMG_0940.tif,762811.7361,3295763.519,4059.4979,0.01,0.01,0.01,234.4461419,9.959440452,3.918285006,0.01,0.01,0.01
DSLR1_IMG_0952.tif,762811.7361,3295763.519,4059.4979,0.01,0.01,0.01,234.442941,9.946965671,3.896449026,0.01,0.01,0.01
DSLR1_IMG_0953.tif,762811.7361,3295763.519,4059.4979,0.01,0.01,0.01,234.3562866,9.890711288,4.300790821,0.01,0.01,0.01
DSLR1_IMG_0954.tif,762811.7361,3295763.519,4059.4979,0.01,0.01,0.01,234.3875718,9.895418467,4.309294567,0.01,0.01,0.01
DSLR1_IMG_0955.tif,762811.7361,3295763.519,4059.4979,0.01,0.01,0.01,234.400255,9.924328227,4.305696996,0.01,0.01,0.01
DSLR1_IMG_0965.tif,762811.7361,3295763.519,4059.4979,0.01,0.01,0.01,234.360366,9.881859286,4.316685635,0.01,0.01,0.01
DSLR1_IMG_0966.tif,762811.7361,3295763.519,4059.4979,0.01,0.01,0.01,234.3993148,9.883422121,4.29794272,0.01,0.01,0.01
DSLR1_IMG_0968.tif,762811.7361,3295763.519,4059.4979,0.01,0.01,0.01,234.4321632,9.947702808,4.32407061,0.01,0.01,0.01
DSLR1_IMG_0969.tif,762811.7361,3295763.519,4059.4979,0.01,0.01,0.01,234.5910165,10.08561361,4.240725821,0.01,0.01,0.01
DSLR1_IMG_0977.tif,762811.7361,3295763.519,4059.4979,0.01,0.01,0.01,234.355394,9.866546575,4.289596533,0.01,0.01,0.01
DSLR1_IMG_0978.tif,762811.7361,3295763.519,4059.4979,0.01,0.01,0.01,234.378622,9.859498684,4.315723167,0.01,0.01,0.01
DSLR1_IMG_0979.tif,762811.7361,3295763.519,4059.4979,0.01,0.01,0.01,234.3862532,9.870887312,4.272339689,0.01,0.01,0.01
DSLR1_IMG_0980.tif,762811.7361,3295763.519,4059.4979,0.01,0.01,0.01,234.4937016,9.911089653,4.09299923,0.01,0.01,0.01
DSLR1_IMG_0982.tif,762811.7361,3295763.519,4059.4979,0.01,0.01,0.01,234.4629596,9.880383224,4.52353926,0.01,0.01,0.01
DSLR1_IMG_0990.tif,762811.7361,3295763.519,4059.4979,0.01,0.01,0.01,234.3716402,9.828094363,4.269982603,0.01,0.01,0.01
DSLR1_IMG_0992.tif,762811.7361,3295763.519,4059.4979,0.01,0.01,0.01,234.4657809,9.985196638,4.294613192,0.01,0.01,0.01
DSLR1_IMG_1002.tif,762811.7361,3295763.519,4059.4979,0.01,0.01,0.01,234.3869092,9.844607639,4.276310033,0.01,0.01,0.01
DSLR1_IMG_1004.tif,762811.7361,3295763.519,4059.4979,0.01,0.01,0.01,234.4138114,9.941185652,4.308764414,0.01,0.01,0.01
DSLR1_IMG_1012.tif,762811.7361,3295763.519,4059.4979,0.01,0.01,0.01,234.3426508,10.27193112,3.114017365,0.01,0.01,0.01
DSLR1_IMG_1013.tif,762811.7361,3295763.519,4059.4979,0.01,0.01,0.01,234.3681381,9.818739723,4.280456715,0.01,0.01,0.01
DSLR1_IMG_1014.tif,762811.7361,3295763.519,4059.4979,0.01,0.01,0.01,234.3760552,9.861192572,4.277146796,0.01,0.01,0.01
DSLR1_IMG_1015.tif,762811.7361,3295763.519,4059.4979,0.01,0.01,0.01,234.383855,9.88163254,4.274813943,0.01,0.01,0.01
DSLR1_IMG_1016.tif,762811.7361,3295763.519,4059.4979,0.01,0.01,0.01,234.4135608,9.922104854,4.272341531,0.01,0.01,0.01
DSLR1_IMG_1017.tif,762811.7361,3295763.519,4059.4979,0.01,0.01,0.01,234.4216359,9.947519571,4.300517354,0.01,0.01,0.01
DSLR1_IMG_1025.tif,762811.7361,3295763.519,4059.4979,0.01,0.01,0.01,234.3520611,9.84596327,4.241607489,0.01,0.01,0.01
DSLR1_IMG_1026.tif,762811.7361,3295763.519,4059.4979,0.01,0.01,0.01,234.3573933,9.865074646,4.283991634,0.01,0.01,0.01
DSLR1_IMG_1028.tif,762811.7361,3295763.519,4059.4979,0.01,0.01,0.01,234.4369471,9.90408705,4.260427386,0.01,0.01,0.01
DSLR1_IMG_1029.tif,762811.7361,3295763.519,4059.4979,0.01,0.01,0.01,234.3710055,9.932312672,4.307719336,0.01,0.01,0.01
DSLR1_IMG_1037.tif,762811.7361,3295763.519,4059.4979,0.01,0.01,0.01,234.3470231,9.873807831,4.225111073,0.01,0.01,0.01
DSLR1_IMG_1038.tif,762811.7361,3295763.519,4059.4979,0.01,0.01,0.01,234.3629164,9.863420875,4.281350755,0.01,0.01,0.01
DSLR1_IMG_1041.tif,762811.7361,3295763.519,4059.4979,0.01,0.01,0.01,234.4180138,9.959231753,4.261677474,0.01,0.01,0.01
DSLR1_IMG_1049.tif,762811.7361,3295763.519,4059.4979,0.01,0.01,0.01,234.3496359,9.841619145,4.276776357,0.01,0.01,0.01
DSLR1_IMG_1050.tif,762811.7361,3295763.519,4059.4979,0.01,0.01,0.01,234.3888152,9.911594976,4.284930542,0.01,0.01,0.01
DSLR1_IMG_1051.tif,762811.7361,3295763.519,4059.4979,0.01,0.01,0.01,234.3670586,9.857290346,4.261123156,0.01,0.01,0.01
DSLR1_IMG_1052.tif,762811.7361,3295763.519,4059.4979,0.01,0.01,0.01,234.3772054,9.924093808,4.291462423,0.01,0.01,0.01
DSLR1_IMG_1053.tif,762811.7361,3295763.519,4059.4979,0.01,0.01,0.01,234.3932961,9.958848137,4.273234473,0.01,0.01,0.01
DSLR1_IMG_1061.tif,762811.7361,3295763.519,4059.4979,0.01,0.01,0.01,234.4879622,10.72891352,5.653306983,0.01,0.01,0.01
DSLR1_IMG_1062.tif,762811.7361,3295763.519,4059.4979,0.01,0.01,0.01,234.4879622,10.72891352,5.653306983,0.01,0.01,0.01
DSLR1_IMG_1064.tif,762811.7361,3295763.519,4059.4979,0.01,0.01,0.01,234.3444607,9.877107433,4.218320217,0.01,0.01,0.01
DSLR1_IMG_1074.tif,762811.7361,3295763.519,4059.4979,0.01,0.01,0.01,234.3307685,10.00357954,2.960466542,0.01,0.01,0.01
DSLR1_IMG_1075.tif,762811.7361,3295763.519,4059.4979,0.01,0.01,0.01,234.3048082,10.0665244,2.655957287,0.01,0.01,0.01
DSLR1_IMG_1097.tif,762811.7361,3295763.519,4059.4979,0.01,0.01,0.01,234.3677317,9.688841803,4.695400429,0.01,0.01,0.01
DSLR1_IMG_1099.tif,762811.7361,3295763.519,4059.4979,0.01,0.01,0.01,234.3720958,9.89934059,4.321810374,0.01,0.01,0.01
DSLR1_IMG_1100.tif,762811.7361,3295763.519,4059.4979,0.01,0.01,0.01,234.3848171,9.923090391,4.279231279,0.01,0.01,0.01
DSLR1_IMG_1114.tif,762811.7361,3295763.519,4059.4979,0.01,0.01,0.01,234.4879622,10.72891352,5.653306983,0.01,0.01,0.01
DSLR1_IMG_1124.tif,762811.7361,3295763.519,4059.4979,0.01,0.01,0.01,234.3387536,10.01001605,3.095056973,0.01,0.01,0.01
DSLR1_IMG_1147.tif,762811.7361,3295763.519,4059.4979,0.01,0.01,0.01,234.3688094,9.911335956,4.271240626,0.01,0.01,0.01
DSLR1_IMG_1148.tif,762811.7361,3295763.519,4059.4979,0.01,0.01,0.01,234.4163978,9.950301528,4.33697859,0.01,0.01,0.01
DSLR1_IMG_1157.tif,762811.7361,3295763.519,4059.4979,0.01,0.01,0.01,234.4063771,9.679439483,4.646772971,0.01,0.01,0.01
DSLR1_IMG_1158.tif,762811.7361,3295763.519,4059.4979,0.01,0.01,0.01,234.3372456,9.796135694,4.245287141,0.01,0.01,0.01
DSLR1_IMG_1159.tif,762811.7361,3295763.519,4059.4979,0.01,0.01,0.01,234.3418867,9.890523791,4.245447833,0.01,0.01,0.01
DSLR1_IMG_1160.tif,762811.7361,3295763.519,4059.4979,0.01,0.01,0.01,234.3833756,9.959537976,4.276488286,0.01,0.01,0.01
DSLR1_IMG_1172.tif,762811.7361,3295763.519,4059.4979,0.01,0.01,0.01,234.4237832,9.794951338,4.519571388,0.01,0.01,0.01
DSLR1_IMG_1182.tif,762811.7361,3295763.519,4059.4979,0.01,0.01,0.01,234.3911531,9.679178134,4.740193657,0.01,0.01,0.01
DSLR1_IMG_1205.tif,762811.7361,3295763.519,4059.4979,0.01,0.01,0.01,234.2421043,10.24422551,1.625787907,0.01,0.01,0.01
DSLR1_IMG_1207.tif,762811.7361,3295763.519,4059.4979,0.01,0.01,0.01,234.3420694,9.909180809,4.27450054,0.01,0.01,0.01
DSLR1_IMG_1219.tif,762811.7361,3295763.519,4059.4979,0.01,0.01,0.01,234.3393603,9.872880563,4.284712541,0.01,0.01,0.01
DSLR1_IMG_1221.tif,762811.7361,3295763.519,4059.4979,0.01,0.01,0.01,234.3570938,9.914416418,4.281572624,0.01,0.01,0.01
DSLR1_IMG_1229.tif,762811.7361,3295763.519,4059.4979,0.01,0.01,0.01,234.4879622,10.72891352,5.653306983,0.01,0.01,0.01
DSLR1_IMG_1230.tif,762811.7361,3295763.519,4059.4979,0.01,0.01,0.01,234.356665,9.828981007,4.330023682,0.01,0.01,0.01
DSLR1_IMG_1231.tif,762811.7361,3295763.519,4059.4979,0.01,0.01,0.01,234.3634832,9.965516521,3.270617043,0.01,0.01,0.01
DSLR1_IMG_1232.tif,762811.7361,3295763.519,4059.4979,0.01,0.01,0.01,234.3267753,9.905497502,4.280383588,0.01,0.01,0.01
DSLR1_IMG_1253.tif,762811.7361,3295763.519,4059.4979,0.01,0.01,0.01,234.4879622,10.72891352,5.653306983,0.01,0.01,0.01
DSLR1_IMG_1268.tif,762811.7361,3295763.519,4059.4979,0.01,0.01,0.01,234.4879622,10.72891352,5.653306983,0.01,0.01,0.01
DSLR1_IMG_1277.tif,762811.7361,3295763.519,4059.4979,0.01,0.01,0.01,234.4879622,10.72891352,5.653306983,0.01,0.01,0.01
DSLR1_IMG_1278.tif,762811.7361,3295763.519,4059.4979,0.01,0.01,0.01,234.4879622,10.72891352,5.653306983,0.01,0.01,0.01
DSLR1_IMG_1292.tif,762811.7361,3295763.519,4059.4979,0.01,0.01,0.01,234.3366924,9.89063514,4.297344361,0.01,0.01,0.01
DSLR1_IMG_1293.tif,762811.7361,3295763.519,4059.4979,0.01,0.01,0.01,234.3399602,9.935620164,4.254505134,0.01,0.01,0.01
DSLR1_IMG_1303.tif,762811.7361,3295763.519,4059.4979,0.01,0.01,0.01,234.5038149,9.434718641,5.970579835,0.01,0.01,0.01
DSLR1_IMG_1314.tif,762811.7361,3295763.519,4059.4979,0.01,0.01,0.01,234.4014315,9.664077484,4.564215015,0.01,0.01,0.01
DSLR1_IMG_1326.tif,762811.7361,3295763.519,4059.4979,0.01,0.01,0.01,234.2938179,9.85749541,4.28065506,0.01,0.01,0.01
DSLR1_IMG_1327.tif,762811.7361,3295763.519,4059.4979,0.01,0.01,0.01,234.3327668,9.895517006,4.291498502,0.01,0.01,0.01
DSLR1_IMG_1338.tif,762811.7361,3295763.519,4059.4979,0.01,0.01,0.01,234.2688641,9.939714628,2.72059525,0.01,0.01,0.01
DSLR1_IMG_1339.tif,762811.7361,3295763.519,4059.4979,0.01,0.01,0.01,234.3373281,9.909250754,4.29252933,0.01,0.01,0.01
DSLR1_IMG_1341.tif,762811.7361,3295763.519,4059.4979,0.01,0.01,0.01,234.4039201,9.853375496,4.645140886,0.01,0.01,0.01
DSLR1_IMG_1351.tif,762811.7361,3295763.519,4059.4979,0.01,0.01,0.01,234.3106169,9.816380619,4.28064839,0.01,0.01,0.01
DSLR1_IMG_1352.tif,762811.7361,3295763.519,4059.4979,0.01,0.01,0.01,234.2541652,10.54806338,2.612088076,0.01,0.01,0.01
DSLR1_IMG_1362.tif,762811.7361,3295763.519,4059.4979,0.01,0.01,0.01,234.2026272,9.855385471,4.140227063,0.01,0.01,0.01
DSLR1_IMG_1364.tif,762811.7361,3295763.519,4059.4979,0.01,0.01,0.01,234.2764875,9.96404907,4.250355428,0.01,0.01,0.01
DSLR1_IMG_1374.tif,762811.7361,3295763.519,4059.4979,0.01,0.01,0.01,234.2443042,9.845472475,4.252296834,0.01,0.01,0.01
DSLR1_IMG_1375.tif,762811.7361,3295763.519,4059.4979,0.01,0.01,0.01,234.2568743,9.837748863,4.280170531,0.01,0.01,0.01
DSLR1_IMG_1397.tif,762811.7361,3295763.519,4059.4979,0.01,0.01,0.01,234.2467387,9.989289952,2.684852235,0.01,0.01,0.01
DSLR1_IMG_1400.tif,762811.7361,3295763.519,4059.4979,0.01,0.01,0.01,234.255335,9.88203902,4.212280411,0.01,0.01,0.01
DSLR1_IMG_1409.tif,762811.7361,3295763.519,4059.4979,0.01,0.01,0.01,234.2438614,9.867228697,4.185557253,0.01,0.01,0.01
DSLR1_IMG_1411.tif,762811.7361,3295763.519,4059.4979,0.01,0.01,0.01,234.264463,9.927993094,4.236647204,0.01,0.01,0.01
DSLR1_IMG_1423.tif,762811.7361,3295763.519,4059.4979,0.01,0.01,0.01,234.3029246,9.825143313,4.191116442,0.01,0.01,0.01
DSLR1_IMG_1424.tif,762811.7361,3295763.519,4059.4979,0.01,0.01,0.01,234.1273868,10.37426059,0.892204871,0.01,0.01,0.01
DSLR1_IMG_1433.tif,762811.7361,3295763.519,4059.4979,0.01,0.01,0.01,234.2611489,9.962161346,2.83677621,0.01,0.01,0.01
DSLR1_IMG_1433.tif,762811.7361,3295763.519,4059.4979,0.01,0.01,0.01,234.2611489,9.962161346,2.83677621,0.01,0.01,0.01
DSLR1_IMG_1434.tif,762811.7361,3295763.519,4059.4979,0.01,0.01,0.01,234.2163781,9.908887351,4.201130977,0.01,0.01,0.01
DSLR1_IMG_1445.tif,762811.7361,3295763.519,4059.4979,0.01,0.01,0.01,234.800024,10.87521359,7.431086056,0.01,0.01,0.01
DSLR1_IMG_1447.tif,762811.7361,3295763.519,4059.4979,0.01,0.01,0.01,234.2447317,9.910891145,4.221244703,0.01,0.01,0.01
DSLR1_IMG_1448.tif,762811.7361,3295763.519,4059.4979,0.01,0.01,0.01,234.3189245,9.965408259,4.237806344,0.01,0.01,0.01
DSLR1_IMG_1457.tif,762811.7361,3295763.519,4059.4979,0.01,0.01,0.01,234.2717977,9.840348585,4.070740588,0.01,0.01,0.01
DSLR1_IMG_1459.tif,762811.7361,3295763.519,4059.4979,0.01,0.01,0.01,234.2762133,9.904516229,4.242694542,0.01,0.01,0.01
DSLR1_IMG_1461.tif,762811.7361,3295763.519,4059.4979,0.01,0.01,0.01,234.3360205,9.904672382,4.362837049,0.01,0.01,0.01
DSLR1_IMG_1469.tif,762811.7361,3295763.519,4059.4979,0.01,0.01,0.01,234.4879622,10.72891352,5.653306983,0.01,0.01,0.01
DSLR1_IMG_1470.tif,762811.7361,3295763.519,4059.4979,0.01,0.01,0.01,234.2213241,9.845431173,4.237048461,0.01,0.01,0.01
DSLR1_IMG_1471.tif,762811.7361,3295763.519,4059.4979,0.01,0.01,0.01,234.2275725,9.939208794,4.185124016,0.01,0.01,0.01
DSLR1_IMG_1472.tif,762811.7361,3295763.519,4059.4979,0.01,0.01,0.01,234.3844334,9.718797603,4.577983034,0.01,0.01,0.01
DSLR1_IMG_1473.tif,762811.7361,3295763.519,4059.4979,0.01,0.01,0.01,234.3276751,9.729516618,4.7175261,0.01,0.01,0.01
DSLR1_IMG_1483.tif,762811.7361,3295763.519,4059.4979,0.01,0.01,0.01,234.2421397,9.913965725,4.244552168,0.01,0.01,0.01
DSLR1_IMG_1494.tif,762811.7361,3295763.519,4059.4979,0.01,0.01,0.01,234.4879622,10.72891352,5.653306983,0.01,0.01,0.01
DSLR1_IMG_1495.tif,762811.7361,3295763.519,4059.4979,0.01,0.01,0.01,234.372774,9.715591072,4.053562304,0.01,0.01,0.01
DSLR1_IMG_1495.tif,762811.7361,3295763.519,4059.4979,0.01,0.01,0.01,234.372774,9.715591072,4.053562304,0.01,0.01,0.01
DSLR1_IMG_1518.tif,762811.7361,3295763.519,4059.4979,0.01,0.01,0.01,234.3672279,9.72879845,3.964960233,0.01,0.01,0.01
DSLR1_IMG_1519.tif,762811.7361,3295763.519,4059.4979,0.01,0.01,0.01,234.3657494,9.74196168,3.979696388,0.01,0.01,0.01
DSLR1_IMG_1529.tif,762811.7361,3295763.519,4059.4979,0.01,0.01,0.01,234.3644842,9.724181674,3.965142555,0.01,0.01,0.01
DSLR1_IMG_1530.tif,762811.7361,3295763.519,4059.4979,0.01,0.01,0.01,234.2926673,9.81402565,3.837696969,0.01,0.01,0.01
DSLR1_IMG_1531.tif,762811.7361,3295763.519,4059.4979,0.01,0.01,0.01,234.2918988,9.812864258,4.056929299,0.01,0.01,0.01
DSLR1_IMG_1532.tif,762811.7361,3295763.519,4059.4979,0.01,0.01,0.01,234.2425419,9.871621206,4.15534233,0.01,0.01,0.01
DSLR1_IMG_1543.tif,762811.7361,3295763.519,4059.4979,0.01,0.01,0.01,234.2229737,9.858254103,4.213160247,0.01,0.01,0.01
